{"cameraMode":{"drawMode":1,"name":"Wireframe","section":"Shading Mode"},"sceneLighting":true,"audioPlay":false,"sceneViewState":{"m_AlwaysRefresh":false,"showFog":true,"showSkybox":true,"showFlares":true,"showImageEffects":true,"showParticleSystems":true,"showVisualEffectGraphs":true,"m_FxEnabled":true},"in2DMode":false,"pivot":{"x":8.378667831420899,"y":8.647459983825684,"z":-3.111176013946533},"rotation":{"x":-0.02182026021182537,"y":-0.006901231128722429,"z":0.00015270631411112845,"w":-0.9997318983078003},"size":3.1039369106292726,"orthographic":false}